[
  {
    "fieldname": "contract_utilities_section",
    "label": "Utility Details",
    "fieldtype": "Section Break",
    "insert_after": "end_date"
  },
  {
    "fieldname": "utility_service_request",
    "label": "Utility Service Request",
    "fieldtype": "Link",
    "options": "Utility Service Request",
    "in_list_view": 0,
    "in_standard_filter": 1,
    "insert_after": "contract_utilities_section"
  },
  {
    "fieldname": "properties",
    "label": "Properties",
    "fieldtype": "Table",
    "options": "Contract Utility Property Item",
    "in_list_view": 0,
    "in_standard_filter": 1,
    "insert_after": "utility_service_request"
  }
]
