[
  {
    "fieldname": "meter_readings",
    "fieldtype": "Table",
    "insert_after": "items",
    "label": "Meter Readings",
    "name": "Sales Order-custom_sales_order_meter_reading",
    "no_copy": 1,
    "options": "Sales Order Meter Reading",
    "read_only": 1
  },
  {
    "fieldname": "custom_utility_billing",
    "fieldtype": "Section Break",
    "collapsible": 1,
    "insert_after": "more_info",
    "label": "Utility Billing",
    "name": "Sales Order-custom_utility_billing"
  },
  {
    "fieldname": "utility_service_request",
    "fieldtype": "Link",
    "insert_after": "custom_utility_billing",
    "label": "Utility Service Request",
    "name": "Sales Order-custom_utility_service_request",
    "options": "Utility Service Request"
  },
  {
    "fieldname": "custom_column",
    "fieldtype": "Column Break",
    "insert_after": "utility_service_request",
    "name": "Sales Order-custom_n_"
  }
]
