[
  {
    "description": null,
    "docstatus": 0,
    "doctype": "Item Group",
    "filter_attributes": [],
    "filter_fields": [],
    "image": null,
    "include_descendants": 0,
    "is_group": 1,
    "is_utility_item_group": 1,
    "item_group_defaults": [],
    "item_group_name": "Utility and Rental",
    "modified": "2025-08-12 10:38:33.386924",
    "name": "Utility and Rental",
    "old_parent": "",
    "parent_item_group": null,
    "route": "utility-and-rental",
    "show_in_website": 0,
    "slideshow": null,
    "taxes": [],
    "website_specifications": [],
    "website_title": null,
    "weightage": 0
  },
  {
    "description": null,
    "docstatus": 0,
    "doctype": "Item Group",
    "filter_attributes": [],
    "filter_fields": [],
    "image": null,
    "include_descendants": 0,
    "is_group": 0,
    "is_utility_item_group": 1,
    "item_group_defaults": [],
    "item_group_name": "Rent",
    "modified": "2025-08-12 10:39:50.781003",
    "name": "Rent",
    "old_parent": "Utility and Rental",
    "parent_item_group": "Utility and Rental",
    "route": "rent",
    "show_in_website": 0,
    "slideshow": null,
    "taxes": [],
    "website_specifications": [],
    "website_title": null,
    "weightage": 0
  },
  {
    "description": null,
    "docstatus": 0,
    "doctype": "Item Group",
    "filter_attributes": [],
    "filter_fields": [],
    "image": null,
    "include_descendants": 0,
    "is_group": 0,
    "is_utility_item_group": 1,
    "item_group_defaults": [],
    "item_group_name": "Deposit",
    "modified": "2025-08-12 10:39:20.299860",
    "name": "Deposit",
    "old_parent": "Utility and Rental",
    "parent_item_group": "Utility and Rental",
    "route": "deposit",
    "show_in_website": 0,
    "slideshow": null,
    "taxes": [],
    "website_specifications": [],
    "website_title": null,
    "weightage": 0
  }
]
