{
  "custom_fields": [
    {
      "_assign": null,
      "_comments": null,
      "_liked_by": null,
      "_user_tags": null,
      "allow_in_quick_entry": 0,
      "allow_on_submit": 0,
      "bold": 0,
      "collapsible": 0,
      "collapsible_depends_on": null,
      "columns": 0,
      "creation": "2025-08-15 14:11:27.226050",
      "default": null,
      "depends_on": null,
      "description": null,
      "docstatus": 0,
      "dt": "Item Group",
      "fetch_from": null,
      "fetch_if_empty": 0,
      "fieldname": "is_utility_item_group",
      "fieldtype": "Check",
      "hidden": 0,
      "hide_border": 0,
      "hide_days": 0,
      "hide_seconds": 0,
      "idx": 6,
      "ignore_user_permissions": 0,
      "ignore_xss_filter": 0,
      "in_global_search": 0,
      "in_list_view": 0,
      "in_preview": 0,
      "in_standard_filter": 0,
      "insert_after": "is_group",
      "is_system_generated": 0,
      "is_virtual": 0,
      "label": "Is Utility Item Group",
      "length": 0,
      "link_filters": null,
      "mandatory_depends_on": null,
      "modified": "2025-08-15 14:11:27.226050",
      "modified_by": "Administrator",
      "module": null,
      "name": "Item Group-is_utility_item_group",
      "no_copy": 0,
      "non_negative": 0,
      "options": null,
      "owner": "Administrator",
      "permlevel": 0,
      "placeholder": null,
      "precision": "",
      "print_hide": 0,
      "print_hide_if_no_value": 0,
      "print_width": null,
      "read_only": 0,
      "read_only_depends_on": null,
      "report_hide": 0,
      "reqd": 0,
      "search_index": 0,
      "show_dashboard": 0,
      "sort_options": 0,
      "translatable": 0,
      "unique": 0,
      "width": null
    }
  ],
  "custom_perms": [],
  "doctype": "Item Group",
  "links": [],
  "property_setters": [],
  "sync_on_migrate": 1
}
