{
 "actions": [],
 "allow_rename": 1,
 "creation": "2024-10-22 07:42:24.414202",
 "doctype": "DocType",
 "editable_grid": 1,
 "engine": "InnoDB",
 "field_order": [
  "item_code",
  "meter_number",
  "meter_reading",
  "column_break_fkvl",
  "current_reading",
  "previous_reading",
  "consumption",
  "stock_qty",
  "column_break_smgb",
  "uom",
  "stock_uom",
  "qty"
 ],
 "fields": [
  {
   "fieldname": "item_code",
   "fieldtype": "Link",
   "in_filter": 1,
   "in_list_view": 1,
   "in_preview": 1,
   "in_standard_filter": 1,
   "label": "Item Code",
   "options": "Item",
   "reqd": 1
  },
  {
   "fieldname": "column_break_fkvl",
   "fieldtype": "Column Break"
  },
  {
   "fieldname": "meter_number",
   "fieldtype": "Link",
   "in_filter": 1,
   "in_list_view": 1,
   "in_preview": 1,
   "in_standard_filter": 1,
   "label": "Meter Number",
   "options": "Serial No"
  },
  {
   "fieldname": "previous_reading",
   "fieldtype": "Float",
   "in_filter": 1,
   "in_list_view": 1,
   "in_preview": 1,
   "in_standard_filter": 1,
   "label": "Previous Reading"
  },
  {
   "fieldname": "column_break_smgb",
   "fieldtype": "Column Break"
  },
  {
   "fieldname": "current_reading",
   "fieldtype": "Float",
   "in_filter": 1,
   "in_list_view": 1,
   "in_preview": 1,
   "in_standard_filter": 1,
   "label": "Current Reading"
  },
  {
   "fieldname": "stock_uom",
   "fieldtype": "Link",
   "label": "Stock UOM",
   "options": "UOM"
  },
  {
   "fieldname": "uom",
   "fieldtype": "Link",
   "label": "UOM",
   "options": "UOM"
  },
  {
   "default": "1",
   "fieldname": "stock_qty",
   "fieldtype": "Float",
   "label": "Stock Qty"
  },
  {
   "default": "1",
   "fieldname": "qty",
   "fieldtype": "Float",
   "label": "Qty"
  },
  {
   "fieldname": "meter_reading",
   "fieldtype": "Link",
   "label": "Meter Reading",
   "options": "Meter Reading"
  },
  {
   "fieldname": "consumption",
   "fieldtype": "Float",
   "in_filter": 1,
   "in_list_view": 1,
   "in_preview": 1,
   "in_standard_filter": 1,
   "label": "Consumption"
  }
 ],
 "index_web_pages_for_search": 1,
 "istable": 1,
 "links": [],
 "modified": "2024-11-08 07:35:30.185347",
 "modified_by": "Administrator",
 "module": "Utility Billing",
 "name": "Sales Invoice Meter Reading",
 "owner": "Administrator",
 "permissions": [],
 "sort_field": "creation",
 "sort_order": "DESC",
 "states": []
}