{
 "actions": [],
 "allow_rename": 1,
 "creation": "2024-10-02 20:18:14.804966",
 "doctype": "DocType",
 "editable_grid": 1,
 "engine": "InnoDB",
 "field_order": [
  "item_code",
  "item_name",
  "stock_uom",
  "column_break_fkvl",
  "meter_number",
  "delivery_warehouse",
  "uom",
  "column_break_smgb",
  "current_reading",
  "previous_reading",
  "consumption",
  "section_break_leyq",
  "description"
 ],
 "fields": [
  {
   "fieldname": "item_code",
   "fieldtype": "Link",
   "in_filter": 1,
   "in_list_view": 1,
   "in_preview": 1,
   "in_standard_filter": 1,
   "label": "Item Code",
   "options": "Item",
   "reqd": 1
  },
  {
   "fieldname": "uom",
   "fieldtype": "Link",
   "label": "UOM",
   "options": "UOM",
   "read_only": 1
  },
  {
   "fieldname": "column_break_fkvl",
   "fieldtype": "Column Break"
  },
  {
   "fieldname": "item_name",
   "fieldtype": "Data",
   "label": "Item Name",
   "read_only": 1
  },
  {
   "fieldname": "stock_uom",
   "fieldtype": "Link",
   "label": "Stock UOM",
   "options": "UOM"
  },
  {
   "fieldname": "section_break_leyq",
   "fieldtype": "Section Break"
  },
  {
   "fieldname": "description",
   "fieldtype": "Text Editor",
   "label": "Description"
  },
  {
   "default": "0",
   "fieldname": "current_reading",
   "fieldtype": "Float",
   "in_filter": 1,
   "in_list_view": 1,
   "in_preview": 1,
   "in_standard_filter": 1,
   "label": "Current Reading",
   "reqd": 1
  },
  {
   "fieldname": "meter_number",
   "fieldtype": "Link",
   "in_filter": 1,
   "in_list_view": 1,
   "in_preview": 1,
   "in_standard_filter": 1,
   "label": "Meter Number",
   "options": "Serial No"
  },
  {
   "default": "0",
   "fieldname": "previous_reading",
   "fieldtype": "Float",
   "in_filter": 1,
   "in_list_view": 1,
   "in_preview": 1,
   "in_standard_filter": 1,
   "label": "Previous Reading",
   "read_only": 1,
   "reqd": 1
  },
  {
   "default": "0",
   "fieldname": "consumption",
   "fieldtype": "Float",
   "in_filter": 1,
   "in_list_view": 1,
   "in_preview": 1,
   "in_standard_filter": 1,
   "label": "Consumption",
   "read_only": 1,
   "reqd": 1
  },
  {
   "fieldname": "column_break_smgb",
   "fieldtype": "Column Break"
  },
  {
   "fieldname": "delivery_warehouse",
   "fieldtype": "Link",
   "label": "Delivery Warehouse",
   "options": "Warehouse"
  }
 ],
 "index_web_pages_for_search": 1,
 "istable": 1,
 "links": [],
 "modified": "2024-11-06 06:11:08.641394",
 "modified_by": "Administrator",
 "module": "Utility Billing",
 "name": "Meter Reading Item",
 "owner": "Administrator",
 "permissions": [],
 "sort_field": "creation",
 "sort_order": "DESC",
 "states": []
}