[
  {
    "doctype": "Item",
    "item_code": "Water",
    "item_name": "Water",
    "item_group": "Utilities",
    "stock_uom": "Unit",
    "disabled": 0
  },
  {
    "doctype": "Item",
    "item_code": "Electricity",
    "item_name": "Electricity",
    "item_group": "Utilities",
    "stock_uom": "Unit",
    "disabled": 0
  },
  {
    "doctype": "Item",
    "item_code": "Rent",
    "item_name": "Rent",
    "item_group": "Utilities",
    "stock_uom": "Unit",
    "disabled": 0
  },
  {
    "doctype": "Item",
    "item_code": "Deposit",
    "item_name": "Deposit",
    "item_group": "Utilities",
    "stock_uom": "Unit",
    "disabled": 0
  },
  {
    "doctype": "Item",
    "item_code": "Meter",
    "item_name": "Meter",
    "item_group": "Products",
    "stock_uom": "Nos",
    "disabled": 0
  },
  {
    "doctype": "Item",
    "item_code": "Service Charge",
    "item_name": "Service Charge",
    "item_group": "Utilities",
    "stock_uom": "Unit",
    "disabled": 0
  },
  {
    "doctype": "Item",
    "item_code": "Maintenance Charge",
    "item_name": "Maintenance Charge",
    "item_group": "Utilities",
    "stock_uom": "Unit",
    "disabled": 0
  },
  {
    "doctype": "Item",
    "item_code": "Sewer",
    "item_name": "Sewer",
    "item_group": "Utilities",
    "stock_uom": "Unit",
    "disabled": 0
  }
]
