[
  {
    "request_type": "New Connection",
    "party_name": "Wanjiku Kamau",
    "customer_group": "Standard Residential",
    "contract_length_months": 12,
    "contract_template": "Standard Residential Lease"
  },
  {
    "request_type": "Disconnection",
    "party_name": "Ochieng Otieno",
    "customer_group": "Standard Residential",
    "contract_length_months": 6,
    "contract_template": "Standard Residential Lease"
  },
  {
    "request_type": "Property Lease",
    "party_name": "Nairobi Enterprises Ltd",
    "customer_group": "Standard Commercial",
    "contract_length_months": 24,
    "contract_template": "Commercial Property Agreement",
    "is_signed": true,
    "requested_properties": [
      {
        "utility_property": "Greenpark - House A1",
        "adjustment_rule": "Standard Rent Adjustment"
      },
      {
        "utility_property": "Greenpark - House A2",
        "adjustment_rule": "Utility Inflation Adjustment"
      }
    ]
  },
  {
    "request_type": "Property Lease",
    "party_name": "Mombasa Trading Co.",
    "customer_group": "Standard Commercial",
    "contract_length_months": 36,
    "contract_template": "Commercial Property Agreement",
    "is_signed": true,
    "requested_properties": [
      {
        "utility_property": "Greenpark - House B1",
        "adjustment_rule": "Commercial Late Payment"
      },
      {
        "utility_property": "Greenpark - House B2",
        "adjustment_rule": "Standard Rent Adjustment"
      },
      {
        "utility_property": "Westlands Plaza - Suite 101",
        "adjustment_rule": "Commercial Late Payment"
      },
      {
        "utility_property": "Westlands Plaza - Suite 201",
        "adjustment_rule": "Utility Inflation Adjustment"
      }
    ]
  },
  {
    "request_type": "Property Lease",
    "party_name": "Daniel Mwangi",
    "customer_group": "Standard Residential",
    "contract_length_months": 12,
    "contract_template": "Standard Residential Lease",
    "requested_properties": [
      {
        "utility_property": "Pinnacle Tower - Unit 1A",
        "adjustment_rule": "Utility Inflation Adjustment"
      }
    ]
  },
  {
    "request_type": "Property Lease",
    "party_name": "Ochieng Otieno",
    "customer_group": "Standard Residential",
    "contract_length_months": 12,
    "contract_template": "Standard Residential Lease",
    "requested_properties": [
      {
        "utility_property": "Pinnacle Tower - Unit 1B",
        "adjustment_rule": "Utility Inflation Adjustment"
      }
    ]
  }
]
