{
 "actions": [],
 "allow_rename": 1,
 "creation": "2025-04-25 12:22:15.849019",
 "doctype": "DocType",
 "editable_grid": 1,
 "engine": "InnoDB",
 "field_order": [
  "is_active",
  "utility_property",
  "adjustment_rule",
  "insurance",
  "column_break_cqbg",
  "start_date",
  "end_date",
  "contract_length_months"
 ],
 "fields": [
  {
   "columns": 2,
   "fieldname": "utility_property",
   "fieldtype": "Link",
   "in_filter": 1,
   "in_list_view": 1,
   "in_preview": 1,
   "in_standard_filter": 1,
   "label": "Utility Property",
   "options": "Utility Property",
   "reqd": 1
  },
  {
   "allow_on_submit": 1,
   "columns": 2,
   "fieldname": "start_date",
   "fieldtype": "Date",
   "in_filter": 1,
   "in_list_view": 1,
   "in_preview": 1,
   "in_standard_filter": 1,
   "label": "Start Date",
   "reqd": 1
  },
  {
   "columns": 1,
   "fieldname": "end_date",
   "fieldtype": "Date",
   "in_filter": 1,
   "in_list_view": 1,
   "in_preview": 1,
   "in_standard_filter": 1,
   "label": "End Date"
  },
  {
   "allow_on_submit": 1,
   "columns": 1,
   "default": "1",
   "fieldname": "is_active",
   "fieldtype": "Check",
   "in_filter": 1,
   "in_list_view": 1,
   "in_preview": 1,
   "in_standard_filter": 1,
   "label": "Is Active?"
  },
  {
   "columns": 2,
   "fieldname": "adjustment_rule",
   "fieldtype": "Link",
   "in_filter": 1,
   "in_list_view": 1,
   "in_preview": 1,
   "in_standard_filter": 1,
   "label": "Adjustment Rule",
   "options": "Billing Adjustment Rule",
   "reqd": 1
  },
  {
   "fieldname": "column_break_cqbg",
   "fieldtype": "Column Break"
  },
  {
   "columns": 1,
   "fieldname": "contract_length_months",
   "fieldtype": "Float",
   "in_filter": 1,
   "in_list_view": 1,
   "in_preview": 1,
   "in_standard_filter": 1,
   "label": "Length (Months)"
  },
  {
   "columns": 1,
   "fieldname": "insurance",
   "fieldtype": "Link",
   "in_filter": 1,
   "in_list_view": 1,
   "in_preview": 1,
   "in_standard_filter": 1,
   "label": "Insurance",
   "options": "Insurance"
  }
 ],
 "grid_page_length": 50,
 "index_web_pages_for_search": 1,
 "istable": 1,
 "links": [],
 "modified": "2025-05-19 11:54:46.604438",
 "modified_by": "Administrator",
 "module": "Utility Billing",
 "name": "Contract Utility Property Item",
 "owner": "Administrator",
 "permissions": [],
 "row_format": "Dynamic",
 "sort_field": "creation",
 "sort_order": "DESC",
 "states": []
}