{
 "actions": [],
 "allow_rename": 1,
 "creation": "2025-04-16 12:51:10.761962",
 "doctype": "DocType",
 "editable_grid": 1,
 "engine": "InnoDB",
 "field_order": [
  "item",
  "amount",
  "column_break_jqkh",
  "discount",
  "total"
 ],
 "fields": [
  {
   "fieldname": "item",
   "fieldtype": "Link",
   "in_filter": 1,
   "in_list_view": 1,
   "in_preview": 1,
   "in_standard_filter": 1,
   "label": "Item",
   "options": "Item",
   "reqd": 1
  },
  {
   "fieldname": "column_break_jqkh",
   "fieldtype": "Column Break"
  },
  {
   "description": "Discount to apply on the monthly rate (as a percentage).",
   "fieldname": "discount",
   "fieldtype": "Float",
   "in_filter": 1,
   "in_list_view": 1,
   "in_preview": 1,
   "in_standard_filter": 1,
   "label": "Discount(%)"
  },
  {
   "description": "Monthly charge for this item before any discounts.",
   "fieldname": "amount",
   "fieldtype": "Currency",
   "in_filter": 1,
   "in_list_view": 1,
   "in_preview": 1,
   "in_standard_filter": 1,
   "label": "Rate Per Month"
  },
  {
   "description": "Final payable monthly amount for this item after discount",
   "fieldname": "total",
   "fieldtype": "Currency",
   "in_filter": 1,
   "in_list_view": 1,
   "in_preview": 1,
   "in_standard_filter": 1,
   "label": "Total Monthly Amount",
   "read_only": 1
  }
 ],
 "grid_page_length": 50,
 "index_web_pages_for_search": 1,
 "istable": 1,
 "links": [],
 "modified": "2025-08-14 13:53:39.118326",
 "modified_by": "Administrator",
 "module": "Utility Billing",
 "name": "Utility Bill Structure Item",
 "owner": "Administrator",
 "permissions": [],
 "row_format": "Dynamic",
 "sort_field": "creation",
 "sort_order": "DESC",
 "states": []
}