{
 "actions": [],
 "allow_rename": 1,
 "creation": "2024-10-17 09:36:01.507712",
 "doctype": "DocType",
 "engine": "InnoDB",
 "field_order": [
  "meter_reading_item",
  "item_code",
  "block",
  "column_break_bcqb",
  "qty",
  "rate",
  "amount"
 ],
 "fields": [
  {
   "fieldname": "meter_reading_item",
   "fieldtype": "Link",
   "in_filter": 1,
   "in_preview": 1,
   "in_standard_filter": 1,
   "label": "Meter Reading Item",
   "options": "Meter Reading Item",
   "reqd": 1
  },
  {
   "fieldname": "item_code",
   "fieldtype": "Link",
   "in_filter": 1,
   "in_list_view": 1,
   "in_preview": 1,
   "in_standard_filter": 1,
   "label": "Item Code",
   "options": "Item",
   "reqd": 1
  },
  {
   "fieldname": "block",
   "fieldtype": "Link",
   "in_filter": 1,
   "in_list_view": 1,
   "in_preview": 1,
   "in_standard_filter": 1,
   "label": "Block",
   "options": "Utility Tariff Block",
   "reqd": 1
  },
  {
   "fieldname": "column_break_bcqb",
   "fieldtype": "Column Break"
  },
  {
   "fieldname": "qty",
   "fieldtype": "Float",
   "in_filter": 1,
   "in_list_view": 1,
   "in_preview": 1,
   "in_standard_filter": 1,
   "label": "Quantity",
   "precision": "3",
   "reqd": 1
  },
  {
   "fieldname": "rate",
   "fieldtype": "Float",
   "in_filter": 1,
   "in_list_view": 1,
   "in_preview": 1,
   "in_standard_filter": 1,
   "label": "Rate",
   "reqd": 1
  },
  {
   "fieldname": "amount",
   "fieldtype": "Currency",
   "in_filter": 1,
   "in_list_view": 1,
   "in_preview": 1,
   "in_standard_filter": 1,
   "label": "Amount",
   "precision": "2",
   "reqd": 1
  }
 ],
 "index_web_pages_for_search": 1,
 "istable": 1,
 "links": [],
 "modified": "2024-10-17 09:48:19.756664",
 "modified_by": "Administrator",
 "module": "Utility Billing",
 "name": "Meter Reading Tariff Rate",
 "owner": "Administrator",
 "permissions": [],
 "sort_field": "creation",
 "sort_order": "DESC",
 "states": []
}