{
 "actions": [],
 "allow_rename": 1,
 "creation": "2024-10-02 20:06:28.059877",
 "doctype": "DocType",
 "editable_grid": 1,
 "engine": "InnoDB",
 "field_order": [
  "block",
  "lower_limit",
  "upper_limit",
  "rate",
  "column_break_vblp"
 ],
 "fields": [
  {
   "fieldname": "lower_limit",
   "fieldtype": "Float",
   "in_filter": 1,
   "in_list_view": 1,
   "in_preview": 1,
   "in_standard_filter": 1,
   "label": "Lower Limit",
   "precision": "3",
   "reqd": 1
  },
  {
   "fieldname": "rate",
   "fieldtype": "Currency",
   "in_filter": 1,
   "in_list_view": 1,
   "in_preview": 1,
   "in_standard_filter": 1,
   "label": "Rate",
   "reqd": 1
  },
  {
   "fieldname": "column_break_vblp",
   "fieldtype": "Column Break"
  },
  {
   "fieldname": "upper_limit",
   "fieldtype": "Float",
   "in_filter": 1,
   "in_list_view": 1,
   "in_preview": 1,
   "in_standard_filter": 1,
   "label": "Upper Limit",
   "reqd": 1
  },
  {
   "fieldname": "block",
   "fieldtype": "Link",
   "in_filter": 1,
   "in_list_view": 1,
   "in_preview": 1,
   "in_standard_filter": 1,
   "label": "Block",
   "options": "Utility Tariff Block",
   "reqd": 1
  }
 ],
 "index_web_pages_for_search": 1,
 "istable": 1,
 "links": [],
 "modified": "2024-10-17 09:53:37.335477",
 "modified_by": "Administrator",
 "module": "Utility Billing",
 "name": "Item Price Tariff",
 "owner": "Administrator",
 "permissions": [],
 "sort_field": "creation",
 "sort_order": "DESC",
 "states": []
}